observationTimeUtc,airTemperature,feelsLikeTemperature,windSpeed,windGust,windDirection,cloudCover,seaLevelPressure,relativeHumidity,precipitation,conditionCode
2019-06-01 00:00:00,14.7,14.7,2.7,4.8,289,88,1019.7,87,0.0,cloudy
2019-06-01 01:00:00,14.3,14.3,2.8,4.9,288,88,1019.9,88,0.0,cloudy
2019-06-01 02:00:00,14.1,14.1,3.3,5.4,288,88,1020.3,89,0.0,cloudy
2019-06-01 03:00:00,14.0,14.0,1.9,3.5,292,100,1020.6,91,0.0,cloudy
2019-06-01 04:00:00,13.2,13.2,2.5,4.0,312,88,1021.1,93,0.0,rain
2019-06-01 05:00:00,13.7,13.7,3.1,5.4,314,75,1021.3,88,0.0,cloudy-with-sunny-intervals
2019-06-01 06:00:00,15.7,15.7,1.9,4.8,305,75,1021.1,78,0.0,cloudy-with-sunny-intervals
2019-06-01 07:00:00,16.3,16.3,2.1,4.2,309,50,1021.2,73,0.0,variable-cloudiness
2019-06-01 08:00:00,17.6,17.6,1.5,4.0,274,38,1021.4,61,0.0,variable-cloudiness
2019-06-01 09:00:00,18.3,18.3,1.9,3.7,318,50,1021.3,57,0.0,variable-cloudiness
2019-06-01 10:00:00,19.6,19.6,2.2,6.2,280,13,1021.1,52,0.0,partly-cloudy
2019-06-01 11:00:00,19.9,19.9,2.6,5.7,295,0,1020.7,52,0.0,clear
2019-06-01 12:00:00,20.4,20.4,2.4,4.9,326,13,1020.3,51,0.0,partly-cloudy
2019-06-01 13:00:00,21.5,21.5,2.7,5.9,300,0,1019.8,48,0.0,clear
2019-06-01 14:00:00,21.7,21.7,4.3,6.6,289,0,1019.4,44,0.0,clear
2019-06-01 15:00:00,21.5,21.5,2.4,5.9,285,0,1019.0,47,0.0,clear
2019-06-01 16:00:00,21.4,21.4,3.2,6.0,296,0,1018.7,43,0.0,clear
2019-06-01 17:00:00,20.4,20.4,2.9,4.6,289,0,1018.5,46,0.0,clear
2019-06-01 18:00:00,18.1,18.1,0.9,2.5,317,50,1018.6,55,0.0,variable-cloudiness
2019-06-01 19:00:00,17.0,17.0,0.9,2.2,278,88,1018.7,58,0.0,cloudy
2019-06-01 20:00:00,14.8,14.8,0.1,1.4,221,88,1018.9,71,0.0,cloudy
2019-06-01 21:00:00,13.4,13.4,0.0,1.5,220,75,1019.1,76,0.0,cloudy-with-sunny-intervals
2019-06-01 22:00:00,12.7,12.7,0.0,1.2,206,13,1019.1,79,0.0,partly-cloudy
2019-06-01 23:00:00,11.9,11.9,1.3,2.4,185,13,1018.8,83,0.0,partly-cloudy
2019-06-02 00:00:00,12.5,12.5,0.9,2.3,162,88,1018.4,84,0.0,cloudy
2019-06-02 01:00:00,12.7,12.7,2.1,2.7,187,88,1018.3,86,0.0,rain
2019-06-02 02:00:00,12.9,12.9,2.4,3.7,200,75,1017.9,86,0.1,rain-at-times
2019-06-02 03:00:00,13.1,13.1,2.5,3.8,209,88,1017.7,87,0.0,cloudy
2019-06-02 04:00:00,14.4,14.4,1.2,2.9,216,0,1017.7,82,0.0,clear
2019-06-02 05:00:00,16.9,16.9,2.3,3.7,237,0,1017.4,76,0.0,clear
2019-06-02 06:00:00,18.7,18.7,3.7,6.3,249,0,1017.3,67,0.0,clear
2019-06-02 07:00:00,19.9,19.9,4.1,7.9,255,25,1017.2,62,0.0,partly-cloudy
2019-06-02 08:00:00,20.8,20.8,4.5,9.2,271,75,1017.2,60,0.0,cloudy-with-sunny-intervals
2019-06-02 09:00:00,22.1,22.1,4.8,10.0,267,25,1017.1,54,0.0,partly-cloudy
2019-06-02 10:00:00,22.6,22.6,6.8,11.9,255,25,1016.8,47,0.0,partly-cloudy
2019-06-02 11:00:00,22.0,22.0,7.7,14.2,279,25,1017.0,46,0.0,partly-cloudy
2019-06-02 12:00:00,22.1,22.1,5.5,10.7,286,13,1017.1,45,0.0,partly-cloudy
2019-06-02 13:00:00,22.0,22.0,4.8,9.3,272,0,1016.9,41,0.0,clear
2019-06-02 14:00:00,21.5,21.5,5.1,9.1,307,0,1016.7,42,0.0,clear
2019-06-02 15:00:00,21.2,21.2,5.1,8.2,295,0,1016.9,41,0.0,clear
2019-06-02 16:00:00,20.6,20.6,4.3,6.8,307,0,1017.0,45,0.0,clear
2019-06-02 17:00:00,19.5,19.5,3.5,7.1,318,0,1017.0,46,0.0,clear
2019-06-02 18:00:00,18.5,18.5,2.1,4.0,311,0,1017.9,52,0.0,clear
2019-06-02 19:00:00,16.0,16.0,1.9,3.5,315,0,1018.6,60,0.0,clear
2019-06-02 20:00:00,14.3,14.3,0.1,1.6,293,0,1019.2,66,0.0,clear
2019-06-02 21:00:00,13.1,13.1,2.2,3.8,318,0,1019.7,75,0.0,clear
2019-06-02 22:00:00,12.6,12.6,1.3,2.8,311,0,1019.8,75,0.0,clear
2019-06-02 23:00:00,11.9,11.9,1.0,2.5,315,0,1020.1,78,0.0,clear
2019-06-03 00:00:00,11.3,11.3,1.2,2.9,318,0,1020.3,80,0.0,clear
2019-06-03 01:00:00,10.5,10.5,0.6,2.1,345,0,1020.5,83,0.0,clear
2019-06-03 02:00:00,9.2,9.2,0.3,1.6,11,0,1020.8,91,0.0,clear
2019-06-03 03:00:00,9.4,9.4,0.0,1.4,1,0,1021.1,91,0.0,clear
2019-06-03 04:00:00,12.6,12.6,0.4,2.2,35,0,1021.1,80,0.0,clear
2019-06-03 05:00:00,14.8,14.8,0.3,2.1,39,0,1021.3,73,0.0,clear
2019-06-03 06:00:00,16.7,16.7,1.0,2.7,105,0,1021.6,65,0.0,clear
2019-06-03 07:00:00,18.0,18.0,1.1,3.0,173,0,1021.6,59,0.0,clear
2019-06-03 08:00:00,19.0,19.0,0.9,3.3,278,50,1021.5,56,0.0,variable-cloudiness
2019-06-03 09:00:00,19.5,19.5,0.7,3.7,72,0,1021.4,52,0.0,clear
2019-06-03 10:00:00,21.4,21.4,1.8,3.5,234,0,1021.1,48,0.0,clear
2019-06-03 11:00:00,22.6,22.6,1.6,4.1,155,0,1020.8,43,0.0,clear
2019-06-03 12:00:00,23.6,23.0,2.2,4.0,178,0,1020.5,38,0.0,clear
2019-06-03 13:00:00,24.3,23.7,1.7,3.2,218,0,1020.1,34,0.0,clear
2019-06-03 14:00:00,24.7,24.1,1.4,4.0,122,0,1019.5,33,0.0,clear
2019-06-03 15:00:00,25.1,24.5,0.5,2.4,173,0,1019.1,33,0.0,clear
2019-06-03 16:00:00,24.3,23.7,2.4,4.0,91,0,1019.0,36,0.0,clear
2019-06-03 17:00:00,23.5,22.9,2.6,4.1,140,0,1018.7,38,0.0,clear
2019-06-03 18:00:00,22.4,22.4,0.8,2.6,120,0,1018.9,42,0.0,clear
2019-06-03 19:00:00,20.1,20.1,1.3,2.5,136,0,1019.6,49,0.0,clear
2019-06-03 20:00:00,18.2,18.2,1.0,2.6,127,0,1020.1,56,0.0,clear
2019-06-03 21:00:00,17.0,17.0,2.1,3.4,129,0,1020.5,62,0.0,clear
2019-06-03 22:00:00,15.9,15.9,1.6,3.0,121,0,1020.6,68,0.0,clear
2019-06-03 23:00:00,15.0,15.0,1.9,2.9,137,0,1021.0,72,0.0,clear
2019-06-04 00:00:00,14.3,14.3,1.3,2.6,129,0,1020.9,75,0.0,clear
2019-06-04 01:00:00,14.0,14.0,2.1,3.8,128,0,1020.4,75,0.0,clear
2019-06-04 02:00:00,12.8,12.8,1.6,2.7,145,0,1020.3,78,0.0,clear
2019-06-04 03:00:00,13.6,13.6,2.0,3.7,126,0,1020.3,76,0.0,clear
2019-06-04 04:00:00,15.6,15.6,1.6,3.6,129,0,1020.1,70,0.0,clear
2019-06-04 05:00:00,17.4,17.4,3.8,5.6,156,0,1020.0,64,0.0,clear
2019-06-04 06:00:00,19.7,19.7,4.3,6.8,150,0,1019.9,57,0.0,clear
2019-06-04 07:00:00,21.7,21.7,3.8,6.1,161,0,1019.8,50,0.0,clear
2019-06-04 08:00:00,23.6,23.2,2.8,5.6,139,0,1019.4,45,0.0,clear
2019-06-04 09:00:00,24.5,24.1,4.4,8.6,134,0,1019.4,41,0.0,clear
2019-06-04 10:00:00,25.3,24.9,4.0,7.1,134,0,1019.1,38,0.0,clear
2019-06-04 11:00:00,26.0,25.6,3.6,6.6,133,0,1018.5,36,0.0,clear
2019-06-04 12:00:00,27.0,26.6,2.8,5.2,149,0,1018.0,34,0.0,clear
2019-06-04 13:00:00,26.7,26.3,3.4,6.3,120,0,1017.4,34,0.0,clear
2019-06-04 14:00:00,27.0,26.6,3.0,5.3,93,0,1017.0,33,0.0,clear
2019-06-04 15:00:00,26.9,26.5,2.5,5.5,103,0,1016.8,32,0.0,clear
2019-06-04 16:00:00,26.3,25.9,3.2,5.6,129,0,1016.5,35,0.0,clear
2019-06-04 17:00:00,25.6,25.2,2.7,4.7,120,0,1016.2,39,0.0,clear
2019-06-04 18:00:00,24.0,23.6,1.5,4.0,116,0,1016.3,44,0.0,clear
2019-06-04 19:00:00,22.2,22.2,1.6,3.4,111,0,1017.1,50,0.0,clear
2019-06-04 20:00:00,20.4,20.4,2.2,3.6,133,0,1017.3,56,0.0,clear
2019-06-04 21:00:00,19.1,19.1,2.2,3.3,138,0,1017.5,59,0.0,clear
2019-06-04 22:00:00,18.7,18.7,2.6,4.2,134,0,1017.5,59,0.0,clear
2019-06-04 23:00:00,17.3,17.3,0.9,2.9,135,0,1017.6,64,0.0,clear
2019-06-05 00:00:00,15.9,15.9,0.3,1.6,165,0,1017.8,70,0.0,clear
2019-06-05 01:00:00,14.6,14.6,0.0,0.0,112,0,1017.6,73,0.0,clear
2019-06-05 02:00:00,13.6,13.6,0.0,0.0,67,0,1017.5,80,0.0,clear
2019-06-05 03:00:00,14.0,14.0,0.0,0.0,180,0,1017.6,81,0.0,clear
2019-06-05 04:00:00,17.9,17.9,0.2,2.0,112,0,1017.7,68,0.0,clear
2019-06-05 05:00:00,19.9,19.9,0.7,2.2,109,0,1017.8,63,0.0,clear
2019-06-05 06:00:00,23.0,22.7,0.9,2.5,129,0,1017.9,53,0.0,clear
2019-06-05 07:00:00,25.4,25.1,1.3,3.1,138,0,1017.7,43,0.0,clear
2019-06-05 08:00:00,26.9,26.5,2.0,4.3,129,0,1017.7,34,0.0,clear
2019-06-05 09:00:00,28.0,27.4,2.6,5.6,111,0,1017.6,36,0.0,clear
2019-06-05 10:00:00,28.6,27.9,3.3,6.5,129,25,1017.5,36,0.0,partly-cloudy
2019-06-05 11:00:00,27.9,27.4,2.5,5.8,98,75,1017.3,37,0.0,cloudy-with-sunny-intervals
2019-06-05 12:00:00,28.6,28.0,2.2,5.0,123,13,1017.0,37,0.0,partly-cloudy
2019-06-05 13:00:00,29.0,28.4,3.7,6.7,108,63,1016.5,38,0.0,cloudy-with-sunny-intervals
2019-06-05 14:00:00,29.2,28.7,3.6,5.8,97,38,1016.2,39,0.0,variable-cloudiness
2019-06-05 15:00:00,27.6,27.5,3.5,6.8,119,88,1016.5,43,0.0,cloudy
2019-06-05 16:00:00,25.9,25.8,5.4,8.5,142,50,1016.9,47,0.0,variable-cloudiness
2019-06-05 17:00:00,25.1,25.0,1.1,2.9,119,13,1016.9,52,0.0,partly-cloudy
2019-06-05 18:00:00,24.3,24.2,1.8,3.5,129,0,1017.2,55,0.0,clear
2019-06-05 19:00:00,22.9,22.9,1.7,3.2,126,0,1017.7,62,0.0,clear
2019-06-05 20:00:00,22.0,22.0,2.2,4.8,119,0,1018.0,66,0.0,clear
2019-06-05 21:00:00,20.8,20.8,1.3,3.3,100,0,1018.4,69,0.0,clear
2019-06-05 22:00:00,20.0,20.0,1.3,2.9,126,0,1018.5,73,0.0,clear
2019-06-05 23:00:00,19.4,19.4,1.4,2.6,121,0,1018.6,75,0.0,clear
2019-06-06 00:00:00,18.9,18.9,1.0,2.4,120,0,1018.5,77,0.0,clear
2019-06-06 01:00:00,18.5,18.5,0.1,2.0,84,0,1018.7,79,0.0,clear
2019-06-06 02:00:00,17.9,17.9,0.0,1.3,100,0,1018.9,82,0.0,clear
2019-06-06 03:00:00,18.0,18.0,0.3,2.2,133,0,1019.1,83,0.0,clear
2019-06-06 04:00:00,19.8,19.8,2.2,4.6,120,13,1018.8,75,0.0,partly-cloudy
2019-06-06 05:00:00,21.9,21.9,3.0,5.5,131,13,1018.8,68,0.0,partly-cloudy
2019-06-06 06:00:00,23.5,23.6,3.3,6.0,127,0,1018.6,63,0.0,clear
2019-06-06 07:00:00,24.8,24.8,4.8,8.3,129,0,1018.6,55,0.0,clear
2019-06-06 08:00:00,26.3,26.2,4.6,8.3,129,0,1018.1,47,0.0,clear
2019-06-06 09:00:00,26.4,26.2,4.5,9.9,110,75,1018.0,44,0.0,cloudy-with-sunny-intervals
2019-06-06 10:00:00,27.6,27.3,5.2,8.8,137,25,1017.7,39,0.0,partly-cloudy
2019-06-06 11:00:00,27.4,27.5,4.0,8.5,124,75,1017.5,45,0.0,cloudy-with-sunny-intervals
2019-06-06 12:00:00,28.4,28.2,4.7,9.1,136,63,1017.3,42,0.0,cloudy-with-sunny-intervals
2019-06-06 13:00:00,27.2,27.4,4.3,7.8,121,50,1016.9,46,0.0,variable-cloudiness
2019-06-06 14:00:00,25.5,25.5,2.5,4.5,120,88,1016.9,53,0.0,heavy-rain
2019-06-06 15:00:00,21.8,21.8,0.2,2.1,138,75,1017.5,82,1.2,isolated-thunderstorms
2019-06-06 16:00:00,22.9,22.9,3.2,6.1,120,50,1016.8,65,0.0,rain-showers
2019-06-06 17:00:00,23.9,24.0,2.9,5.9,129,25,1016.9,64,0.0,partly-cloudy
2019-06-06 18:00:00,23.0,23.1,3.1,4.7,138,13,1016.9,67,0.0,partly-cloudy
2019-06-06 19:00:00,21.7,21.7,2.1,4.5,119,0,1017.1,73,0.0,clear
2019-06-06 20:00:00,20.9,20.9,2.3,4.1,120,0,1017.4,80,0.0,clear
2019-06-06 21:00:00,20.1,20.1,1.6,2.8,126,25,1017.4,81,0.0,partly-cloudy
2019-06-06 22:00:00,19.4,19.4,2.2,3.9,131,13,1017.7,82,0.0,partly-cloudy
2019-06-06 23:00:00,18.9,18.9,0.5,2.4,116,0,1017.8,81,0.0,clear
2019-06-07 00:00:00,18.5,18.5,0.1,1.7,87,38,1017.6,82,0.0,variable-cloudiness
2019-06-07 01:00:00,17.2,17.2,0.3,2.5,117,25,1017.7,87,0.0,partly-cloudy
2019-06-07 02:00:00,17.8,17.8,2.2,3.5,131,88,1017.5,84,0.0,cloudy
2019-06-07 03:00:00,17.9,17.9,2.0,3.5,125,88,1017.6,85,0.0,cloudy
2019-06-07 04:00:00,19.1,19.1,2.0,3.9,124,0,1017.7,82,0.0,clear
2019-06-07 05:00:00,21.0,21.0,2.5,4.8,134,0,1017.8,76,0.0,clear
2019-06-07 06:00:00,23.1,23.3,2.6,4.7,147,0,1017.9,69,0.0,clear
2019-06-07 07:00:00,24.7,24.8,3.4,6.1,136,0,1017.9,62,0.0,clear
2019-06-07 08:00:00,26.2,26.3,4.8,8.3,141,75,1017.8,54,0.0,cloudy-with-sunny-intervals
2019-06-07 09:00:00,26.0,26.0,4.5,8.1,144,88,1018.0,52,0.0,cloudy
2019-06-07 10:00:00,27.0,27.3,5.8,9.8,145,25,1017.8,48,0.0,partly-cloudy
2019-06-07 11:00:00,27.9,27.9,4.3,8.8,135,75,1017.4,44,0.0,cloudy-with-sunny-intervals
2019-06-07 12:00:00,28.3,28.1,4.3,7.7,147,13,1017.0,42,0.0,partly-cloudy
2019-06-07 13:00:00,29.6,28.8,5.0,9.2,150,13,1016.6,35,0.0,partly-cloudy
2019-06-07 14:00:00,25.3,25.2,3.7,7.6,98,88,1017.2,51,0.0,cloudy
2019-06-07 15:00:00,24.7,24.8,2.2,4.7,138,50,1017.1,60,0.0,rain-showers
2019-06-07 16:00:00,24.4,24.5,3.2,5.4,136,75,1017.5,60,0.0,cloudy-with-sunny-intervals
2019-06-07 17:00:00,24.4,24.5,1.7,4.1,128,88,1017.2,63,0.0,cloudy
2019-06-07 18:00:00,22.9,22.9,0.8,3.2,100,75,1017.4,67,0.0,cloudy-with-sunny-intervals
2019-06-07 19:00:00,21.5,21.5,2.1,3.7,87,13,1017.7,73,0.0,partly-cloudy
2019-06-07 20:00:00,20.5,20.5,1.5,3.5,123,0,1018.0,80,0.0,clear
2019-06-07 21:00:00,19.6,19.6,1.7,2.9,144,0,1017.9,85,0.0,clear
2019-06-07 22:00:00,18.6,18.6,0.9,2.4,127,38,1018.3,88,0.0,variable-cloudiness
2019-06-07 23:00:00,18.3,18.3,1.4,2.5,141,0,1018.5,89,0.0,clear
2019-06-08 00:00:00,17.5,17.5,1.3,3.2,145,0,1018.6,92,0.0,clear
2019-06-08 01:00:00,16.9,16.9,1.1,3.1,134,0,1018.6,92,0.0,clear
2019-06-08 02:00:00,16.4,16.4,2.2,4.3,136,0,1018.8,92,0.0,clear
2019-06-08 03:00:00,16.5,16.5,2.8,4.5,144,0,1019.3,91,0.0,clear
2019-06-08 04:00:00,17.3,17.3,4.1,6.3,147,0,1019.3,86,0.0,clear
2019-06-08 05:00:00,18.8,18.8,4.0,5.5,148,0,1019.5,82,0.0,clear
2019-06-08 06:00:00,20.6,20.6,3.5,5.7,168,0,1019.7,75,0.0,clear
2019-06-08 07:00:00,23.0,22.9,4.5,7.0,167,0,1019.6,60,0.0,clear
2019-06-08 08:00:00,24.6,24.6,5.1,10.0,168,0,1019.4,55,0.0,clear
2019-06-08 09:00:00,25.8,25.8,4.5,7.3,179,25,1019.3,52,0.0,partly-cloudy
2019-06-08 10:00:00,26.5,26.5,5.3,9.7,180,13,1019.1,50,0.0,partly-cloudy
2019-06-08 11:00:00,27.0,27.2,5.4,9.0,144,63,1019.0,47,0.0,cloudy-with-sunny-intervals
2019-06-08 12:00:00,27.8,27.8,5.1,8.7,169,50,1018.7,45,0.0,variable-cloudiness
2019-06-08 13:00:00,27.7,27.7,4.5,7.5,147,63,1018.5,45,0.0,cloudy-with-sunny-intervals
2019-06-08 14:00:00,26.6,26.5,4.5,7.4,167,63,1018.4,47,0.0,cloudy-with-sunny-intervals
2019-06-08 15:00:00,25.6,25.5,5.6,8.5,182,88,1018.2,49,0.0,cloudy
2019-06-08 16:00:00,25.8,25.8,3.1,5.2,170,88,1018.1,51,0.0,cloudy
2019-06-08 17:00:00,25.5,25.6,1.9,4.2,120,75,1018.0,56,0.0,cloudy-with-sunny-intervals
2019-06-08 18:00:00,25.2,25.2,2.1,3.7,157,25,1018.1,56,0.0,partly-cloudy
2019-06-08 19:00:00,23.5,23.5,0.5,2.2,129,0,1019.2,62,0.0,clear
2019-06-08 20:00:00,22.0,22.0,2.4,3.6,135,0,1019.2,70,0.0,clear
2019-06-08 21:00:00,20.7,20.7,1.5,3.2,148,0,1019.5,73,0.0,clear
2019-06-08 22:00:00,19.8,19.8,0.7,2.1,165,0,1019.8,77,0.0,clear
2019-06-08 23:00:00,20.0,20.0,0.8,2.3,278,13,1020.2,75,0.0,partly-cloudy
2019-06-09 00:00:00,19.3,19.3,0.5,2.2,311,88,1020.4,79,0.0,cloudy
2019-06-09 01:00:00,19.1,19.1,1.9,4.0,268,13,1021.2,81,0.0,partly-cloudy
2019-06-09 02:00:00,18.3,18.3,2.8,5.1,292,88,1021.9,88,0.0,cloudy
2019-06-09 03:00:00,17.9,17.9,5.4,9.9,297,88,1022.7,90,0.0,cloudy
2019-06-09 04:00:00,15.7,15.7,3.6,7.6,315,100,1023.8,85,0.0,cloudy
2019-06-09 05:00:00,16.5,16.5,4.3,7.6,316,88,1024.5,70,0.0,cloudy
2019-06-09 06:00:00,16.9,16.9,2.8,5.3,315,88,1025.0,65,0.0,cloudy
2019-06-09 07:00:00,18.5,18.5,3.7,7.3,329,13,1025.4,57,0.0,partly-cloudy
2019-06-09 08:00:00,20.0,20.0,4.0,6.9,314,0,1025.5,49,0.0,clear
2019-06-09 09:00:00,21.5,21.5,3.4,6.1,304,0,1025.8,45,0.0,clear
2019-06-09 10:00:00,22.4,22.4,3.9,7.5,291,0,1025.7,40,0.0,clear
2019-06-09 11:00:00,23.6,22.9,4.2,8.0,286,0,1025.1,35,0.0,clear
2019-06-09 12:00:00,23.9,23.3,3.7,7.5,305,0,1025.0,35,0.0,clear
2019-06-09 13:00:00,24.4,23.8,4.4,7.3,285,0,1024.7,33,0.0,clear
2019-06-09 14:00:00,24.5,23.9,3.7,8.4,283,0,1024.4,33,0.0,clear
2019-06-09 15:00:00,24.0,23.3,4.2,7.3,305,0,1024.3,33,0.0,clear
2019-06-09 16:00:00,23.5,22.8,2.6,5.2,322,0,1024.4,34,0.0,clear
2019-06-09 17:00:00,22.4,22.4,2.4,4.5,349,0,1024.8,39,0.0,clear
2019-06-09 18:00:00,21.3,21.3,0.8,4.5,9,0,1025.1,43,0.0,clear
2019-06-09 19:00:00,19.4,19.4,0.3,2.0,333,0,1025.6,48,0.0,clear
2019-06-09 20:00:00,17.9,17.9,0.2,2.0,2,0,1025.8,54,0.0,clear
2019-06-09 21:00:00,15.9,15.9,0.4,1.7,314,0,1026.1,62,0.0,clear
2019-06-09 22:00:00,14.3,14.3,0.0,1.4,9,0,1025.9,70,0.0,clear
2019-06-09 23:00:00,13.0,13.0,0.0,0.0,5,0,1026.0,75,0.0,clear
2019-06-10 00:00:00,12.0,12.0,0.0,0.0,323,0,1026.0,79,0.0,clear
2019-06-10 01:00:00,11.3,11.3,0.0,0.0,308,0,1025.9,81,0.0,clear
2019-06-10 02:00:00,10.6,10.6,0.2,1.5,308,0,1025.9,87,0.0,clear
2019-06-10 03:00:00,11.4,11.4,0.0,1.3,9,0,1026.2,86,0.0,clear
2019-06-10 04:00:00,15.1,15.1,0.1,1.8,26,0,1026.2,73,0.0,clear
2019-06-10 05:00:00,18.1,18.1,0.8,2.7,66,0,1026.0,61,0.0,clear
2019-06-10 06:00:00,20.4,20.4,2.4,3.8,87,0,1025.7,48,0.0,clear
2019-06-10 07:00:00,21.4,21.4,3.4,5.8,81,0,1025.3,43,0.0,clear
2019-06-10 08:00:00,22.0,22.0,3.2,5.9,98,0,1024.8,42,0.0,clear
2019-06-10 09:00:00,23.5,22.8,2.8,6.1,91,38,1024.5,35,0.0,variable-cloudiness
2019-06-10 10:00:00,24.1,23.5,2.9,5.8,133,25,1024.0,34,0.0,partly-cloudy
2019-06-10 11:00:00,25.0,24.3,3.4,6.1,124,0,1023.3,30,0.0,clear
2019-06-10 12:00:00,25.7,25.2,2.3,5.8,105,0,1022.5,32,0.0,clear
2019-06-10 13:00:00,26.5,26.5,2.0,4.4,108,0,1021.9,25,0.0,clear
2019-06-10 14:00:00,26.5,26.5,2.4,6.1,113,0,1021.2,29,0.0,clear
2019-06-10 15:00:00,26.6,26.1,3.3,6.4,117,13,1020.6,31,0.0,partly-cloudy
2019-06-10 16:00:00,26.0,25.5,2.8,5.2,124,0,1020.3,32,0.0,clear
2019-06-10 17:00:00,25.4,24.9,2.5,4.7,126,0,1019.9,34,0.0,clear
2019-06-10 18:00:00,23.6,23.0,1.1,3.6,93,0,1020.0,38,0.0,clear
2019-06-10 19:00:00,21.8,21.8,1.7,3.0,91,0,1020.1,44,0.0,clear
2019-06-10 20:00:00,20.8,20.8,1.3,3.8,109,0,1020.2,45,0.0,clear
2019-06-10 21:00:00,20.1,20.1,2.0,3.9,114,0,1020.3,50,0.0,clear
2019-06-10 22:00:00,18.6,18.6,1.4,2.4,135,0,1020.5,55,0.0,clear
2019-06-10 23:00:00,17.9,17.9,0.3,1.7,133,0,1020.3,58,0.0,clear
2019-06-11 00:00:00,17.6,17.6,0.1,1.6,110,0,1020.2,59,0.0,clear
2019-06-11 01:00:00,17.8,17.8,1.7,3.7,128,0,1019.9,62,0.0,clear
2019-06-11 02:00:00,17.8,17.8,1.1,2.7,109,0,1019.5,65,0.0,clear
2019-06-11 03:00:00,18.1,18.1,0.5,2.5,111,0,1019.8,68,0.0,clear
2019-06-11 04:00:00,19.6,19.6,1.2,3.6,118,25,1020.2,69,0.0,partly-cloudy
2019-06-11 05:00:00,21.7,21.7,2.1,4.0,115,0,1019.7,68,0.0,clear
2019-06-11 06:00:00,24.6,24.7,2.8,4.5,142,0,1019.4,60,0.0,clear
2019-06-11 07:00:00,26.9,27.6,2.5,4.9,130,0,1018.6,55,0.0,clear
2019-06-11 08:00:00,28.7,29.2,3.6,5.9,124,0,1018.0,49,0.0,clear
2019-06-11 09:00:00,30.0,29.7,4.5,7.8,156,13,1017.7,40,0.0,partly-cloudy
2019-06-11 10:00:00,31.3,30.9,4.6,8.7,144,13,1017.3,37,0.0,partly-cloudy
2019-06-11 11:00:00,31.8,31.4,4.0,10.7,155,63,1016.8,36,0.0,cloudy-with-sunny-intervals
2019-06-11 12:00:00,31.5,30.8,3.9,7.6,144,25,1016.4,35,0.0,partly-cloudy
2019-06-11 13:00:00,32.1,31.7,4.7,8.4,187,25,1016.3,36,0.0,partly-cloudy
2019-06-11 14:00:00,32.0,31.3,4.5,8.0,174,13,1016.3,34,0.0,partly-cloudy
2019-06-11 15:00:00,31.5,31.0,4.7,7.5,166,13,1016.1,36,0.0,partly-cloudy
2019-06-11 16:00:00,31.1,30.3,4.5,7.0,197,0,1015.8,34,0.0,clear
2019-06-11 17:00:00,30.3,29.8,4.9,7.9,181,0,1015.5,38,0.0,clear
2019-06-11 18:00:00,28.8,28.7,2.9,4.9,180,0,1015.8,43,0.0,clear
2019-06-11 19:00:00,26.6,26.6,2.0,2.8,168,0,1016.5,50,0.0,clear
2019-06-11 20:00:00,25.3,25.3,0.7,2.0,162,0,1016.8,54,0.0,clear
2019-06-11 21:00:00,23.5,23.5,2.0,2.8,160,0,1016.8,61,0.0,clear
2019-06-11 22:00:00,22.1,22.1,1.5,2.8,160,0,1016.8,65,0.0,clear
2019-06-11 23:00:00,21.3,21.3,1.2,2.2,161,0,1016.7,67,0.0,clear
2019-06-12 00:00:00,20.7,20.7,1.5,2.2,152,0,1017.1,71,0.0,clear
2019-06-12 01:00:00,20.1,20.1,1.8,2.5,158,0,1017.1,73,0.0,clear
2019-06-12 02:00:00,19.3,19.3,0.7,1.9,149,0,1017.4,77,0.0,clear
2019-06-12 03:00:00,20.0,20.0,2.1,3.0,154,0,1017.3,77,0.0,clear
2019-06-12 04:00:00,21.5,21.5,2.4,3.4,167,0,1017.1,73,0.0,clear
2019-06-12 05:00:00,23.9,24.0,1.3,2.7,159,0,1016.8,65,0.0,clear
2019-06-12 06:00:00,26.8,27.5,0.8,2.7,143,0,1016.5,55,0.0,clear
2019-06-12 07:00:00,29.4,29.2,1.8,3.8,225,0,1016.4,42,0.0,clear
2019-06-12 08:00:00,31.1,30.4,1.7,4.0,220,0,1016.1,35,0.0,clear
2019-06-12 09:00:00,31.3,30.4,3.5,6.2,179,38,1015.7,33,0.0,variable-cloudiness
2019-06-12 10:00:00,32.2,31.0,4.4,6.6,173,25,1015.5,30,0.0,partly-cloudy
2019-06-12 11:00:00,32.9,32.9,4.7,8.1,184,13,1015.3,29,0.0,partly-cloudy
2019-06-12 12:00:00,33.5,33.5,4.5,8.6,154,13,1014.9,25,0.0,partly-cloudy
2019-06-12 13:00:00,33.5,33.5,4.1,6.4,207,38,1014.5,26,0.0,variable-cloudiness
2019-06-12 14:00:00,32.9,32.9,2.7,5.4,198,0,1014.2,27,0.0,clear
2019-06-12 15:00:00,33.5,33.5,3.7,6.0,163,0,1013.8,25,0.0,clear
2019-06-12 16:00:00,32.9,32.9,3.2,5.0,172,0,1013.7,27,0.0,clear
2019-06-12 17:00:00,31.7,31.1,3.2,5.2,135,38,1013.9,35,0.0,variable-cloudiness
2019-06-12 18:00:00,30.2,29.4,1.8,3.8,125,0,1014.2,35,0.0,clear
2019-06-12 19:00:00,27.9,27.8,2.3,3.4,144,0,1014.7,43,0.0,clear
2019-06-12 20:00:00,25.9,25.9,1.6,2.8,134,0,1014.9,50,0.0,clear
2019-06-12 21:00:00,24.4,24.4,1.6,3.2,139,0,1015.4,57,0.0,clear
2019-06-12 22:00:00,23.1,23.1,0.9,2.2,140,0,1015.5,62,0.0,clear
2019-06-12 23:00:00,22.4,22.4,0.2,1.6,136,0,1016.0,65,0.0,clear
2019-06-13 00:00:00,22.0,22.0,1.4,3.1,82,0,1016.3,67,0.0,clear
2019-06-13 01:00:00,22.2,22.2,2.0,3.5,112,13,1016.2,65,0.0,partly-cloudy
2019-06-13 02:00:00,21.3,21.3,1.0,3.4,104,0,1016.2,69,0.0,clear
2019-06-13 03:00:00,21.4,21.4,1.5,3.2,127,0,1016.1,70,0.0,clear
2019-06-13 04:00:00,22.4,22.4,2.2,3.5,135,0,1016.2,68,0.0,clear
2019-06-13 05:00:00,24.5,24.6,3.0,4.4,150,0,1016.3,61,0.0,clear
2019-06-13 06:00:00,26.4,26.6,2.5,4.2,142,0,1016.4,56,0.0,clear
2019-06-13 07:00:00,28.9,29.3,2.6,4.7,123,0,1016.4,48,0.0,clear
2019-06-13 08:00:00,30.8,30.8,3.8,6.1,130,0,1016.2,41,0.0,clear
2019-06-13 09:00:00,31.6,30.8,5.5,9.2,170,0,1016.1,34,0.0,clear
2019-06-13 10:00:00,32.4,31.8,4.8,8.0,162,25,1016.0,34,0.0,partly-cloudy
2019-06-13 11:00:00,32.7,31.9,5.4,9.3,185,50,1015.8,32,0.0,rain-showers
2019-06-13 12:00:00,33.3,32.7,4.7,8.2,165,25,1015.0,32,0.0,partly-cloudy
2019-06-13 13:00:00,33.7,33.7,5.9,9.9,152,50,1014.2,29,0.0,variable-cloudiness
2019-06-13 14:00:00,32.5,31.5,6.3,10.5,144,38,1014.1,31,0.0,variable-cloudiness
2019-06-13 15:00:00,33.2,33.2,4.8,8.6,180,75,1014.2,29,0.0,cloudy-with-sunny-intervals
2019-06-13 16:00:00,32.0,30.8,3.7,6.7,147,0,1013.9,30,0.0,clear
2019-06-13 17:00:00,29.4,28.8,2.0,4.4,139,0,1015.0,38,0.0,clear
2019-06-13 18:00:00,27.1,27.3,3.1,6.6,116,63,1015.9,46,0.0,cloudy-with-sunny-intervals
2019-06-13 19:00:00,22.2,22.2,4.6,10.1,328,75,1018.5,63,0.0,cloudy-with-sunny-intervals
2019-06-13 20:00:00,21.2,21.2,3.7,6.9,31,63,1018.3,68,0.0,cloudy-with-sunny-intervals
2019-06-13 21:00:00,21.0,21.0,1.8,4.3,32,13,1018.2,69,0.0,partly-cloudy
2019-06-13 22:00:00,20.8,20.8,1.1,3.6,342,88,1018.8,71,0.0,cloudy
2019-06-13 23:00:00,19.5,19.5,2.4,4.0,313,50,1018.7,79,0.0,variable-cloudiness
2019-06-14 00:00:00,19.4,19.4,0.4,2.4,14,88,1017.4,80,0.0,rain
2019-06-14 01:00:00,19.6,19.6,0.4,2.1,84,88,1017.4,79,0.0,cloudy
2019-06-14 02:00:00,19.0,19.0,1.5,2.8,141,88,1017.2,84,0.0,cloudy
2019-06-14 03:00:00,18.5,18.5,1.6,10.2,179,50,1018.2,89,0.0,variable-cloudiness
2019-06-14 04:00:00,20.2,20.2,2.5,7.2,334,25,1017.8,76,0.0,partly-cloudy
2019-06-14 05:00:00,21.8,21.8,2.5,4.5,82,0,1016.7,70,0.0,clear
2019-06-14 06:00:00,23.5,23.6,1.3,3.4,302,0,1017.5,64,0.0,clear
2019-06-14 07:00:00,23.6,23.7,2.3,4.3,332,0,1018.0,64,0.0,clear
2019-06-14 08:00:00,25.8,25.9,2.3,5.6,274,13,1017.8,57,0.0,partly-cloudy
2019-06-14 09:00:00,25.8,25.9,3.8,6.8,309,0,1018.1,57,0.0,clear
2019-06-14 10:00:00,26.9,27.4,3.5,6.8,312,0,1018.4,51,0.0,clear
2019-06-14 11:00:00,27.8,28.1,4.5,9.6,303,0,1018.5,48,0.0,clear
2019-06-14 12:00:00,27.6,27.6,2.8,5.7,329,63,1018.5,45,0.0,cloudy-with-sunny-intervals
2019-06-14 13:00:00,27.7,27.8,3.5,6.3,318,50,1018.7,46,0.0,variable-cloudiness
2019-06-14 14:00:00,28.2,28.2,3.9,6.1,292,0,1018.4,45,0.0,clear
2019-06-14 15:00:00,28.1,28.0,4.3,7.4,293,13,1018.2,44,0.0,partly-cloudy
2019-06-14 16:00:00,26.5,26.5,4.2,6.7,300,0,1018.2,50,0.0,clear
2019-06-14 17:00:00,26.3,26.3,3.0,5.0,310,0,1018.1,51,0.0,clear
2019-06-14 18:00:00,25.0,25.0,3.3,6.4,298,0,1018.5,57,0.0,clear
2019-06-14 19:00:00,23.5,23.6,2.5,4.7,301,50,1019.2,64,0.0,variable-cloudiness
2019-06-14 20:00:00,21.7,21.7,2.2,3.5,317,0,1019.8,71,0.0,clear
2019-06-14 21:00:00,20.6,20.6,1.9,4.0,357,0,1019.9,79,0.0,clear
2019-06-14 22:00:00,19.4,19.4,1.5,3.3,353,0,1020.1,84,0.0,clear
2019-06-14 23:00:00,18.3,18.3,1.1,2.6,340,0,1020.3,88,0.0,clear
2019-06-15 00:00:00,17.6,17.6,0.6,2.3,12,0,1020.1,88,0.0,clear
2019-06-15 01:00:00,16.4,16.4,0.0,2.0,8,0,1020.2,88,0.0,clear
2019-06-15 02:00:00,15.9,15.9,0.0,1.4,337,0,1020.5,88,0.0,clear
2019-06-15 03:00:00,16.1,16.1,0.0,0.0,41,0,1020.4,86,0.0,clear
2019-06-15 04:00:00,18.3,18.3,0.0,1.4,1,0,1020.4,79,0.0,clear
2019-06-15 05:00:00,19.1,19.1,1.5,4.1,30,13,1020.7,67,0.0,partly-cloudy
2019-06-15 06:00:00,20.8,20.8,1.9,4.2,52,0,1020.2,60,0.0,clear
2019-06-15 07:00:00,21.8,21.8,2.5,4.4,38,0,1019.9,58,0.0,clear
2019-06-15 08:00:00,23.0,22.6,1.8,5.3,16,0,1019.7,49,0.0,clear
2019-06-15 09:00:00,24.3,23.9,2.8,6.3,53,13,1019.3,42,0.0,partly-cloudy
2019-06-15 10:00:00,25.7,25.4,2.2,5.4,337,0,1019.1,40,0.0,clear
2019-06-15 11:00:00,25.5,25.2,3.1,6.0,346,0,1018.6,40,0.0,clear
2019-06-15 12:00:00,26.1,25.8,2.1,4.0,24,0,1018.0,39,0.0,clear
2019-06-15 13:00:00,26.8,26.5,2.8,5.3,327,0,1017.6,37,0.0,clear
2019-06-15 14:00:00,26.3,25.9,2.5,5.0,4,0,1017.0,36,0.0,clear
2019-06-15 15:00:00,26.0,25.6,2.5,4.9,5,0,1016.8,37,0.0,clear
2019-06-15 16:00:00,25.7,25.3,3.3,6.4,6,25,1016.7,37,0.0,partly-cloudy
2019-06-15 17:00:00,24.8,24.2,2.2,5.3,15,0,1016.5,35,0.0,clear
2019-06-15 18:00:00,23.5,23.0,1.7,3.7,13,0,1016.3,41,0.0,clear
2019-06-15 19:00:00,21.9,21.9,1.0,3.2,30,0,1016.2,45,0.0,clear
2019-06-15 20:00:00,20.5,20.5,0.8,2.5,41,0,1016.4,49,0.0,clear
2019-06-15 21:00:00,20.0,20.0,1.4,3.7,65,0,1016.3,53,0.0,clear
2019-06-15 22:00:00,19.2,19.2,0.5,2.2,94,0,1017.1,57,0.0,clear
2019-06-15 23:00:00,18.3,18.3,2.2,4.3,101,0,1016.5,61,0.0,clear
2019-06-16 00:00:00,18.1,18.1,2.2,5.4,124,0,1016.0,63,0.0,clear
2019-06-16 01:00:00,16.8,16.8,0.4,2.0,112,0,1015.7,68,0.0,clear
2019-06-16 02:00:00,16.6,16.6,1.8,4.4,123,63,1015.6,70,0.0,cloudy-with-sunny-intervals
2019-06-16 03:00:00,17.3,17.3,1.7,3.4,101,50,1014.7,68,0.0,variable-cloudiness
2019-06-16 04:00:00,18.1,18.1,1.4,3.4,116,88,1014.9,67,0.0,light-rain
2019-06-16 05:00:00,17.2,17.2,1.6,3.3,352,100,1016.8,78,0.0,light-rain
2019-06-16 06:00:00,15.5,15.5,2.7,5.7,41,88,1017.6,94,4.6,light-rain
2019-06-16 07:00:00,15.6,15.6,2.5,5.4,93,88,1015.8,92,4.6,light-rain
2019-06-16 08:00:00,16.8,16.8,3.9,8.5,105,63,1014.3,87,0.3,rain-at-times
2019-06-16 09:00:00,18.2,18.2,4.7,9.3,135,88,1014.8,79,0.0,rain
2019-06-16 10:00:00,17.9,17.9,2.0,4.7,125,88,1014.0,83,0.6,rain
2019-06-16 11:00:00,17.2,17.2,0.7,2.3,163,100,1016.0,93,4.5,rain
2019-06-16 12:00:00,17.7,17.7,2.1,3.3,91,88,1015.8,91,1.5,heavy-rain
2019-06-16 13:00:00,19.2,19.2,2.0,4.1,95,100,1015.4,85,0.0,cloudy
2019-06-16 14:00:00,20.5,20.5,3.2,5.7,113,38,1015.0,73,0.0,variable-cloudiness
2019-06-16 15:00:00,21.6,21.6,2.8,5.0,125,0,1015.0,67,0.0,clear
2019-06-16 16:00:00,21.9,21.9,2.2,4.2,102,0,1014.3,66,0.0,clear
2019-06-16 17:00:00,21.5,21.5,2.1,3.9,120,13,1014.6,69,0.0,partly-cloudy
2019-06-16 18:00:00,20.6,20.6,2.0,4.2,127,0,1014.6,73,0.0,clear
2019-06-16 19:00:00,19.2,19.2,1.8,3.0,135,0,1014.7,79,0.0,clear
2019-06-16 20:00:00,18.1,18.1,2.9,4.4,138,0,1014.7,80,0.0,clear
2019-06-16 21:00:00,18.0,18.0,1.4,3.6,253,88,1015.2,85,0.0,cloudy
2019-06-16 22:00:00,18.4,18.4,1.2,2.7,313,88,1015.5,86,0.0,cloudy
2019-06-16 23:00:00,18.0,18.0,2.8,5.5,302,100,1016.0,92,0.1,rain
2019-06-17 00:00:00,17.5,17.5,2.3,4.2,280,100,1016.1,87,0.0,cloudy
2019-06-17 01:00:00,17.2,17.2,1.7,3.6,265,100,1016.1,85,0.0,cloudy
2019-06-17 02:00:00,16.8,16.8,1.3,3.0,247,100,1016.0,85,0.0,cloudy
2019-06-17 03:00:00,16.7,16.7,1.8,4.0,247,88,1016.5,87,0.0,cloudy
2019-06-17 04:00:00,16.8,16.8,2.4,4.5,254,100,1016.5,88,0.0,cloudy
2019-06-17 05:00:00,16.8,16.8,3.3,5.7,247,88,1016.5,88,0.0,cloudy
2019-06-17 06:00:00,16.6,16.6,2.6,4.9,257,100,1016.7,89,0.0,cloudy
2019-06-17 07:00:00,17.4,17.4,3.3,6.3,251,88,1016.8,85,0.0,cloudy
2019-06-17 08:00:00,17.4,17.4,2.6,4.3,256,100,1017.2,84,0.0,cloudy
2019-06-17 09:00:00,18.6,18.6,3.9,6.4,245,100,1017.2,78,0.0,cloudy
2019-06-17 10:00:00,18.5,18.5,3.7,6.7,264,100,1017.3,80,0.0,cloudy
2019-06-17 11:00:00,18.6,18.6,3.9,7.2,262,100,1017.5,82,0.0,cloudy
2019-06-17 12:00:00,18.3,18.3,3.8,6.8,268,100,1017.7,85,0.0,cloudy
2019-06-17 13:00:00,18.5,18.5,4.4,7.6,267,100,1017.8,86,0.0,cloudy
2019-06-17 14:00:00,20.0,20.0,4.2,7.1,260,88,1017.4,81,0.0,cloudy
2019-06-17 15:00:00,19.5,19.5,4.3,7.5,312,88,1017.5,86,0.2,heavy-rain
2019-06-17 16:00:00,20.9,20.9,4.0,8.2,311,63,1017.6,76,0.0,cloudy-with-sunny-intervals
2019-06-17 17:00:00,20.0,20.0,3.5,6.6,312,63,1017.9,75,0.0,cloudy-with-sunny-intervals
2019-06-17 18:00:00,19.2,19.2,2.9,5.9,332,13,1018.3,75,0.0,partly-cloudy
2019-06-17 19:00:00,17.7,17.7,1.0,2.3,309,13,1018.7,83,0.0,partly-cloudy
2019-06-17 20:00:00,16.5,16.5,0.6,1.9,289,0,1019.2,87,0.0,clear
2019-06-17 21:00:00,15.9,15.9,0.3,2.1,290,0,1019.4,90,0.0,clear
2019-06-17 22:00:00,15.8,15.8,0.3,2.0,308,13,1019.6,91,0.0,partly-cloudy
2019-06-17 23:00:00,16.2,16.2,2.9,4.9,310,13,1019.9,91,0.0,partly-cloudy
2019-06-18 00:00:00,15.5,15.5,2.9,4.9,315,0,1020.2,86,0.0,clear
2019-06-18 01:00:00,14.3,14.3,1.8,4.1,320,0,1020.5,84,0.0,clear
2019-06-18 02:00:00,13.2,13.2,1.0,3.5,325,0,1020.8,87,0.0,clear
2019-06-18 03:00:00,13.5,13.5,1.1,3.0,332,0,1021.1,85,0.0,clear
2019-06-18 04:00:00,14.6,14.6,2.2,4.0,340,0,1021.2,81,0.0,clear
2019-06-18 05:00:00,15.8,15.8,1.6,3.7,331,0,1021.4,76,0.0,clear
2019-06-18 06:00:00,17.6,17.6,1.6,3.9,356,0,1021.5,68,0.0,clear
2019-06-18 07:00:00,19.3,19.3,1.2,3.0,309,0,1021.3,60,0.0,clear
2019-06-18 08:00:00,20.6,20.6,2.3,5.6,308,0,1021.3,54,0.0,clear
2019-06-18 09:00:00,21.9,21.9,2.2,4.8,319,0,1021.1,47,0.0,clear
2019-06-18 10:00:00,23.0,22.6,2.3,5.9,312,0,1020.9,48,0.0,clear
2019-06-18 11:00:00,23.7,23.4,3.6,6.3,291,0,1020.5,47,0.0,clear
2019-06-18 12:00:00,24.0,23.7,1.9,5.5,299,0,1020.3,46,0.0,clear
2019-06-18 13:00:00,24.9,24.6,3.9,6.3,299,0,1020.1,44,0.0,clear
2019-06-18 14:00:00,25.0,24.7,2.8,4.7,327,38,1019.7,43,0.0,variable-cloudiness
2019-06-18 15:00:00,25.0,24.6,1.9,4.1,13,13,1019.1,41,0.0,partly-cloudy
2019-06-18 16:00:00,25.0,24.6,2.4,4.6,322,0,1018.9,41,0.0,clear
2019-06-18 17:00:00,24.0,23.6,1.6,3.5,10,0,1018.6,42,0.0,clear
2019-06-18 18:00:00,23.3,22.9,0.3,2.2,17,0,1018.5,45,0.0,clear
2019-06-18 19:00:00,21.3,21.3,0.0,1.5,351,0,1018.9,51,0.0,clear
2019-06-18 20:00:00,18.6,18.6,0.0,0.0,337,0,1019.2,61,0.0,clear
2019-06-18 21:00:00,16.9,16.9,0.0,0.0,280,0,1019.6,72,0.0,clear
2019-06-18 22:00:00,15.6,15.6,0.0,1.2,167,0,1019.8,77,0.0,clear
2019-06-18 23:00:00,14.4,14.4,0.0,0.0,133,0,1020.0,82,0.0,clear
2019-06-19 00:00:00,13.8,13.8,0.1,2.0,91,0,1020.1,84,0.0,clear
2019-06-19 01:00:00,13.0,13.0,0.1,1.4,129,0,1019.9,87,0.0,clear
2019-06-19 02:00:00,12.4,12.4,0.0,0.0,86,0,1019.7,87,0.0,clear
2019-06-19 03:00:00,13.2,13.2,0.0,1.5,124,0,1019.6,87,0.0,clear
2019-06-19 04:00:00,16.4,16.4,0.1,1.9,132,0,1019.4,73,0.0,clear
2019-06-19 05:00:00,18.7,18.7,0.8,2.5,136,0,1019.2,66,0.0,clear
2019-06-19 06:00:00,22.1,22.1,3.1,4.9,153,0,1018.6,51,0.0,clear
2019-06-19 07:00:00,23.8,23.4,2.5,5.0,165,0,1018.3,44,0.0,clear
2019-06-19 08:00:00,25.3,24.9,2.9,5.9,175,0,1018.2,39,0.0,clear
2019-06-19 09:00:00,25.5,25.0,0.5,2.8,75,0,1018.0,36,0.0,clear
2019-06-19 10:00:00,26.1,25.7,2.5,5.4,105,13,1017.2,37,0.0,partly-cloudy
2019-06-19 11:00:00,27.5,26.8,2.2,5.2,110,13,1016.8,32,0.0,partly-cloudy
2019-06-19 12:00:00,27.6,26.9,2.1,5.8,69,25,1016.2,32,0.0,partly-cloudy
2019-06-19 13:00:00,28.4,27.5,3.0,6.7,127,13,1015.6,32,0.0,partly-cloudy
2019-06-19 14:00:00,28.6,28.6,3.1,5.4,148,0,1014.9,28,0.0,clear
2019-06-19 15:00:00,28.2,28.2,2.9,6.7,107,0,1014.6,27,0.0,clear
2019-06-19 16:00:00,27.8,27.8,3.2,7.2,157,0,1014.5,26,0.0,clear
2019-06-19 17:00:00,27.0,26.5,2.6,5.1,134,0,1014.1,30,0.0,clear
2019-06-19 18:00:00,25.5,25.0,1.6,4.6,126,0,1014.1,36,0.0,clear
2019-06-19 19:00:00,23.6,23.0,2.2,3.5,135,0,1014.2,39,0.0,clear
2019-06-19 20:00:00,21.7,21.7,1.0,2.5,125,0,1014.6,45,0.0,clear
2019-06-19 21:00:00,20.4,20.4,1.2,2.7,124,0,1014.6,49,0.0,clear
2019-06-19 22:00:00,19.4,19.4,1.7,3.2,134,38,1014.7,53,0.0,variable-cloudiness
2019-06-19 23:00:00,19.0,19.0,2.2,3.1,133,88,1014.6,56,0.0,cloudy
2019-06-20 00:00:00,19.2,19.2,2.4,3.5,139,88,1014.4,57,0.0,cloudy
2019-06-20 01:00:00,19.4,19.4,1.5,3.3,131,88,1014.2,57,0.0,cloudy
2019-06-20 02:00:00,19.6,19.6,1.6,3.9,126,88,1013.9,57,0.0,cloudy
2019-06-20 03:00:00,19.8,19.8,2.9,5.6,122,88,1013.8,56,0.0,cloudy
2019-06-20 04:00:00,19.5,19.5,2.3,3.8,132,88,1013.5,60,0.0,cloudy
2019-06-20 05:00:00,20.5,20.5,2.6,3.8,143,88,1013.4,56,0.0,cloudy
2019-06-20 06:00:00,20.8,20.8,2.7,4.5,131,88,1013.4,57,0.0,cloudy
2019-06-20 07:00:00,21.7,21.7,2.6,4.5,129,88,1013.1,58,0.0,cloudy
2019-06-20 08:00:00,24.6,24.5,1.5,4.2,128,88,1012.8,53,0.0,cloudy
2019-06-20 09:00:00,26.9,27.2,3.8,7.4,166,0,1012.6,47,0.0,clear
2019-06-20 10:00:00,28.1,28.1,3.9,7.3,173,13,1012.2,45,0.0,partly-cloudy
2019-06-20 11:00:00,28.4,28.5,4.9,9.3,161,75,1012.0,46,0.0,cloudy-with-sunny-intervals
2019-06-20 12:00:00,29.0,29.0,4.2,8.9,149,50,1011.3,44,0.0,variable-cloudiness
2019-06-20 13:00:00,27.6,27.6,3.2,5.9,129,50,1010.6,44,0.0,variable-cloudiness
2019-06-20 14:00:00,26.6,26.6,2.4,4.5,115,75,1010.5,48,0.0,cloudy-with-sunny-intervals
2019-06-20 15:00:00,26.4,26.6,2.0,3.4,130,88,1010.4,56,0.0,light-rain
2019-06-20 16:00:00,23.4,23.5,3.8,6.1,162,75,1011.1,67,0.0,cloudy-with-sunny-intervals
2019-06-20 17:00:00,21.4,21.4,3.8,6.5,145,88,1011.6,80,0.0,cloudy
2019-06-20 18:00:00,20.0,20.0,3.5,6.1,159,88,1011.6,89,0.4,light-rain
2019-06-20 19:00:00,19.3,19.3,3.2,4.5,162,88,1011.2,90,0.0,rain
2019-06-20 20:00:00,18.6,18.6,1.5,3.4,180,75,1011.9,92,0.0,cloudy-with-sunny-intervals
2019-06-20 21:00:00,18.5,18.5,3.2,4.8,177,88,1012.4,94,0.0,cloudy
2019-06-20 22:00:00,18.4,18.4,2.2,4.1,158,88,1012.3,94,0.0,cloudy
2019-06-20 23:00:00,18.0,18.0,1.7,3.4,164,13,1012.2,94,0.0,partly-cloudy
2019-06-21 00:00:00,17.7,17.7,2.5,3.9,153,25,1012.4,95,0.0,partly-cloudy
2019-06-21 01:00:00,17.5,17.5,0.3,2.2,142,50,1012.6,95,0.0,mist
2019-06-21 02:00:00,17.1,17.1,1.2,2.5,169,63,1013.0,96,0.0,mist
2019-06-21 03:00:00,17.4,17.4,0.0,1.3,198,88,1013.2,96,0.0,mist
2019-06-21 04:00:00,18.5,18.5,2.8,4.0,186,0,1013.1,94,0.0,clear
2019-06-21 05:00:00,19.7,19.7,2.0,3.3,192,38,1013.2,90,0.0,variable-cloudiness
2019-06-21 06:00:00,20.4,20.4,1.9,3.8,227,88,1013.3,84,0.0,cloudy
2019-06-21 07:00:00,21.0,21.0,2.4,3.8,220,88,1013.6,84,0.0,cloudy
2019-06-21 08:00:00,23.1,23.4,1.9,4.3,242,88,1013.9,75,0.0,cloudy
2019-06-21 09:00:00,24.6,24.8,1.4,3.9,285,75,1013.9,65,0.0,cloudy-with-sunny-intervals
2019-06-21 10:00:00,26.0,26.2,2.1,4.6,259,75,1013.9,58,0.0,cloudy-with-sunny-intervals
2019-06-21 11:00:00,26.3,26.5,4.1,6.9,301,38,1013.9,59,0.0,variable-cloudiness
2019-06-21 12:00:00,25.5,25.7,2.6,4.7,331,0,1013.7,60,0.0,clear
2019-06-21 13:00:00,24.4,24.3,1.2,2.9,352,88,1013.8,55,0.0,cloudy
2019-06-21 14:00:00,24.4,24.3,2.4,3.6,294,63,1013.4,55,0.0,cloudy-with-sunny-intervals
2019-06-21 15:00:00,24.2,24.2,2.0,3.3,305,0,1013.1,57,0.0,clear
2019-06-21 16:00:00,25.3,25.3,0.2,2.3,327,88,1013.4,56,0.0,cloudy
2019-06-21 17:00:00,25.4,25.4,0.5,2.8,49,63,1013.1,55,0.0,cloudy-with-sunny-intervals
2019-06-21 18:00:00,23.6,23.8,0.0,1.4,233,88,1013.6,68,0.0,cloudy
2019-06-21 19:00:00,22.5,22.5,0.1,1.5,246,88,1014.1,69,0.0,cloudy
2019-06-21 20:00:00,21.1,21.1,0.1,1.5,220,63,1014.3,75,0.0,cloudy-with-sunny-intervals
2019-06-21 21:00:00,21.0,21.0,0.3,1.9,248,75,1014.4,76,0.0,cloudy-with-sunny-intervals
2019-06-21 22:00:00,19.9,19.9,0.2,1.7,219,88,1014.4,82,0.0,cloudy
2019-06-21 23:00:00,19.7,19.7,0.0,1.4,11,88,1014.8,82,0.0,cloudy
2019-06-22 00:00:00,19.6,19.6,1.8,4.4,315,88,1015.3,85,0.0,rain
2019-06-22 01:00:00,18.4,18.4,2.8,4.9,302,88,1016.1,89,0.6,rain
2019-06-22 02:00:00,17.7,17.7,4.4,7.6,319,88,1017.0,87,0.0,cloudy
2019-06-22 03:00:00,17.0,17.0,2.0,4.3,317,88,1017.5,92,0.0,light-rain
2019-06-22 04:00:00,17.1,17.1,3.5,6.4,313,88,1018.1,87,0.0,light-rain
2019-06-22 05:00:00,17.4,17.4,3.5,6.7,313,0,1018.6,81,0.0,clear
2019-06-22 06:00:00,18.2,18.2,3.2,6.8,323,13,1019.3,72,0.0,partly-cloudy
2019-06-22 07:00:00,19.8,19.8,3.6,6.6,317,0,1019.6,64,0.0,clear
2019-06-22 08:00:00,20.9,20.9,3.6,6.0,304,13,1019.9,56,0.0,partly-cloudy
2019-06-22 09:00:00,21.9,21.9,3.7,6.6,321,13,1020.2,53,0.0,partly-cloudy
2019-06-22 10:00:00,23.1,22.6,4.2,7.6,322,0,1020.5,42,0.0,clear
2019-06-22 11:00:00,23.7,23.1,4.8,8.2,297,0,1020.7,36,0.0,clear
2019-06-22 12:00:00,24.3,23.7,5.1,8.3,293,0,1020.8,34,0.0,clear
2019-06-22 13:00:00,24.3,23.7,4.2,7.2,308,0,1020.6,35,0.0,clear
2019-06-22 14:00:00,24.1,23.5,4.2,6.6,308,0,1020.4,36,0.0,clear
2019-06-22 15:00:00,23.8,23.1,4.6,7.9,293,0,1020.3,35,0.0,clear
2019-06-22 16:00:00,23.4,22.7,3.7,6.2,304,0,1020.5,35,0.0,clear
2019-06-22 17:00:00,22.8,22.8,4.0,7.3,296,0,1020.7,36,0.0,clear
2019-06-22 18:00:00,21.7,21.7,2.7,4.4,307,0,1020.9,39,0.0,clear
2019-06-22 19:00:00,19.4,19.4,2.8,5.6,305,0,1021.6,46,0.0,clear
2019-06-22 20:00:00,17.5,17.5,3.2,5.6,308,0,1022.4,52,0.0,clear
2019-06-22 21:00:00,15.9,15.9,2.5,4.1,319,0,1022.5,56,0.0,clear
2019-06-22 22:00:00,14.6,14.6,2.4,4.2,314,0,1022.6,61,0.0,clear
2019-06-22 23:00:00,13.6,13.6,1.3,2.5,322,0,1022.6,66,0.0,clear
2019-06-23 00:00:00,12.5,12.5,0.0,0.0,324,0,1023.1,71,0.0,clear
2019-06-23 01:00:00,12.1,12.1,1.7,2.6,332,0,1023.2,74,0.0,clear
2019-06-23 02:00:00,11.7,11.7,1.9,3.6,350,0,1023.3,77,0.0,clear
2019-06-23 03:00:00,12.0,12.0,0.9,2.7,12,0,1023.3,78,0.0,clear
2019-06-23 04:00:00,14.1,14.1,1.3,2.9,32,0,1023.2,72,0.0,clear
2019-06-23 05:00:00,16.4,16.4,2.7,4.5,58,0,1023.6,62,0.0,clear
2019-06-23 06:00:00,18.7,18.7,3.8,6.1,75,0,1023.6,50,0.0,clear
2019-06-23 07:00:00,20.2,20.2,2.6,5.2,48,0,1023.3,46,0.0,clear
2019-06-23 08:00:00,21.3,21.3,3.0,5.7,77,0,1023.1,41,0.0,clear
2019-06-23 09:00:00,22.2,22.2,2.9,4.5,38,0,1023.0,38,0.0,clear
2019-06-23 10:00:00,23.1,22.4,2.1,4.8,69,0,1022.7,36,0.0,clear
2019-06-23 11:00:00,23.2,22.5,2.6,5.7,359,0,1022.6,34,0.0,clear
2019-06-23 12:00:00,23.6,22.9,3.1,5.4,9,0,1022.4,34,0.0,clear
2019-06-23 13:00:00,24.6,24.0,2.2,5.0,324,0,1022.0,33,0.0,clear
2019-06-23 14:00:00,24.5,23.8,2.2,4.4,358,0,1021.7,32,0.0,clear
2019-06-23 15:00:00,24.6,23.9,3.3,6.8,351,0,1021.6,31,0.0,clear
2019-06-23 16:00:00,23.9,23.2,3.1,5.5,3,0,1021.7,33,0.0,clear
2019-06-23 17:00:00,23.6,22.9,2.6,5.4,360,0,1021.6,33,0.0,clear
2019-06-23 18:00:00,22.1,22.1,2.8,5.3,353,0,1022.3,37,0.0,clear
2019-06-23 19:00:00,20.1,20.1,0.7,2.7,352,0,1023.0,42,0.0,clear
2019-06-23 20:00:00,18.2,18.2,0.2,2.1,359,0,1023.7,47,0.0,clear
2019-06-23 21:00:00,17.3,17.3,0.7,2.6,16,0,1024.3,49,0.0,clear
2019-06-23 22:00:00,15.8,15.8,1.2,2.5,349,0,1024.5,53,0.0,clear
2019-06-23 23:00:00,14.3,14.3,0.5,2.2,341,0,1024.9,59,0.0,clear
2019-06-24 00:00:00,13.5,13.5,1.5,2.7,339,0,1025.1,63,0.0,clear
2019-06-24 01:00:00,11.8,11.8,0.3,2.1,328,0,1025.6,70,0.0,clear
2019-06-24 02:00:00,11.1,11.1,1.7,2.9,347,0,1025.7,76,0.0,clear
2019-06-24 03:00:00,12.5,12.5,0.0,1.4,359,0,1025.8,70,0.0,clear
2019-06-24 04:00:00,14.8,14.8,0.8,3.1,26,0,1026.2,65,0.0,clear
2019-06-24 05:00:00,16.8,16.8,1.2,3.2,14,0,1026.6,60,0.0,clear
2019-06-24 06:00:00,19.4,19.4,2.2,3.9,23,0,1026.8,49,0.0,clear
2019-06-24 07:00:00,21.5,21.5,3.1,5.6,45,0,1026.6,41,0.0,clear
2019-06-24 08:00:00,22.8,22.8,2.7,5.2,39,0,1026.6,34,0.0,clear
2019-06-24 09:00:00,23.7,23.0,3.1,5.8,21,0,1026.4,33,0.0,clear
2019-06-24 10:00:00,24.6,24.6,2.1,6.1,1,0,1026.5,29,0.0,clear
2019-06-24 11:00:00,25.1,25.1,2.2,5.0,355,0,1026.3,29,0.0,clear
2019-06-24 12:00:00,25.5,25.5,3.6,8.4,17,0,1026.2,29,0.0,clear
2019-06-24 13:00:00,26.3,26.3,2.9,6.2,354,0,1026.2,29,0.0,clear
2019-06-24 14:00:00,25.7,25.7,2.6,5.2,351,0,1026.1,27,0.0,clear
2019-06-24 15:00:00,25.5,25.5,3.0,5.8,354,0,1026.1,28,0.0,clear
2019-06-24 16:00:00,25.0,24.3,2.4,5.5,18,0,1026.4,30,0.0,clear
2019-06-24 17:00:00,24.1,23.4,2.5,5.4,360,0,1026.6,33,0.0,clear
2019-06-24 18:00:00,23.2,22.5,1.9,4.6,5,0,1026.8,34,0.0,clear
2019-06-24 19:00:00,21.4,21.4,1.1,3.0,355,0,1027.4,40,0.0,clear
2019-06-24 20:00:00,19.7,19.7,0.6,2.7,7,0,1028.1,46,0.0,clear
2019-06-24 21:00:00,18.5,18.5,0.5,1.9,354,0,1028.5,50,0.0,clear
2019-06-24 22:00:00,17.4,17.4,0.2,1.9,6,50,1029.0,55,0.0,variable-cloudiness
2019-06-24 23:00:00,16.5,16.5,0.1,2.1,352,0,1029.4,58,0.0,clear
2019-06-25 00:00:00,14.5,14.5,0.4,2.0,17,0,1029.8,67,0.0,clear
2019-06-25 01:00:00,14.1,14.1,1.1,2.3,28,0,1029.9,69,0.0,clear
2019-06-25 02:00:00,13.0,13.0,0.4,2.4,42,0,1029.8,75,0.0,clear
2019-06-25 03:00:00,13.7,13.7,0.1,1.9,29,0,1029.7,74,0.0,clear
2019-06-25 04:00:00,17.0,17.0,0.4,2.2,45,0,1029.7,63,0.0,clear
2019-06-25 05:00:00,19.5,19.5,1.7,4.1,140,0,1029.8,52,0.0,clear
2019-06-25 06:00:00,21.5,21.5,1.8,4.1,117,0,1029.8,48,0.0,clear
2019-06-25 07:00:00,23.6,23.0,2.5,4.6,127,0,1029.7,39,0.0,clear
2019-06-25 08:00:00,24.8,24.2,2.5,5.3,106,0,1029.6,35,0.0,clear
2019-06-25 09:00:00,26.0,25.5,2.2,5.5,114,0,1029.2,33,0.0,clear
2019-06-25 10:00:00,26.7,26.3,3.0,4.9,144,0,1028.8,32,0.0,clear
2019-06-25 11:00:00,27.3,26.7,3.1,6.7,120,0,1028.2,31,0.0,clear
2019-06-25 12:00:00,27.8,27.8,2.4,5.0,176,0,1027.6,29,0.0,clear
2019-06-25 13:00:00,28.8,28.8,2.5,5.8,174,0,1027.0,29,0.0,clear
2019-06-25 14:00:00,27.9,27.0,1.7,3.7,90,25,1026.6,30,0.0,partly-cloudy
2019-06-25 15:00:00,28.6,28.6,3.0,4.7,134,25,1026.1,29,0.0,partly-cloudy
2019-06-25 16:00:00,27.6,26.9,2.1,3.8,121,38,1025.9,33,0.0,variable-cloudiness
2019-06-25 17:00:00,26.8,26.4,3.0,4.4,150,0,1025.8,34,0.0,clear
2019-06-25 18:00:00,26.0,25.6,1.7,3.5,171,0,1025.7,37,0.0,clear
2019-06-25 19:00:00,23.6,23.1,0.3,2.0,161,0,1025.8,42,0.0,clear
2019-06-25 20:00:00,22.0,22.0,0.0,1.6,137,25,1025.8,48,0.0,partly-cloudy
2019-06-25 21:00:00,20.6,20.6,2.2,3.2,145,0,1025.6,56,0.0,clear
2019-06-25 22:00:00,19.6,19.6,2.1,3.4,151,50,1025.7,61,0.0,variable-cloudiness
2019-06-25 23:00:00,18.1,18.1,1.7,3.0,162,0,1025.7,67,0.0,clear
2019-06-26 00:00:00,17.3,17.3,1.7,2.7,136,75,1025.6,71,0.0,cloudy-with-sunny-intervals
2019-06-26 01:00:00,16.7,16.7,2.5,3.1,140,88,1025.2,73,0.0,cloudy
2019-06-26 02:00:00,16.0,16.0,2.4,3.0,155,13,1024.9,75,0.0,partly-cloudy
2019-06-26 03:00:00,16.0,16.0,2.1,2.7,168,0,1024.7,74,0.0,clear
2019-06-26 04:00:00,18.0,18.0,2.2,3.6,170,0,1023.9,68,0.0,clear
2019-06-26 05:00:00,20.8,20.8,3.6,6.0,191,0,1023.0,56,0.0,clear
2019-06-26 06:00:00,23.5,23.2,4.6,7.8,204,0,1022.3,49,0.0,clear
2019-06-26 07:00:00,25.7,25.6,4.3,6.7,204,0,1021.5,47,0.0,clear
2019-06-26 08:00:00,28.3,28.3,3.1,6.5,223,13,1020.7,45,0.0,partly-cloudy
2019-06-26 09:00:00,28.8,29.0,4.8,7.7,208,88,1020.0,46,0.0,cloudy
2019-06-26 10:00:00,29.7,29.9,3.3,6.6,232,63,1019.3,45,0.0,cloudy-with-sunny-intervals
2019-06-26 11:00:00,30.0,30.5,2.7,4.6,254,63,1018.5,46,0.0,cloudy-with-sunny-intervals
2019-06-26 12:00:00,30.1,30.6,3.3,5.7,292,88,1017.5,46,0.0,cloudy
2019-06-26 13:00:00,31.1,31.8,3.0,5.8,305,75,1016.5,45,0.0,cloudy-with-sunny-intervals
2019-06-26 14:00:00,31.9,32.1,5.2,9.4,290,38,1015.6,40,0.0,variable-cloudiness
2019-06-26 15:00:00,30.6,31.3,3.5,6.2,314,50,1014.8,46,0.0,variable-cloudiness
2019-06-26 16:00:00,31.8,31.5,4.0,7.4,270,13,1013.9,37,0.0,partly-cloudy
2019-06-26 17:00:00,30.7,30.1,4.6,8.2,276,63,1013.4,37,0.0,cloudy-with-sunny-intervals
2019-06-26 18:00:00,29.1,28.9,3.3,6.8,274,88,1013.2,42,0.0,cloudy
2019-06-26 19:00:00,27.6,27.9,2.3,4.9,243,88,1012.5,48,0.0,cloudy
2019-06-26 20:00:00,26.0,26.1,2.0,3.6,238,0,1012.0,56,0.0,clear
2019-06-26 21:00:00,25.2,25.3,2.2,3.5,218,88,1011.2,60,0.0,cloudy
2019-06-26 22:00:00,23.8,24.0,4.5,15.8,234,88,1011.8,68,0.7,rain
2019-06-26 23:00:00,20.2,20.2,2.2,3.4,198,38,1010.4,93,2.3,rain-showers
2019-06-27 00:00:00,20.0,20.0,0.7,2.1,188,0,1009.3,92,0.0,clear
2019-06-27 01:00:00,19.7,19.7,2.1,3.8,221,38,1008.4,93,0.0,variable-cloudiness
2019-06-27 02:00:00,19.5,19.5,2.7,4.7,235,88,1007.7,91,0.0,cloudy
2019-06-27 03:00:00,19.7,19.7,3.8,6.1,244,0,1006.6,91,0.0,clear
2019-06-27 04:00:00,19.9,19.9,4.9,9.0,265,88,1006.2,89,0.0,cloudy
2019-06-27 05:00:00,19.3,19.3,6.1,12.0,277,88,1006.6,87,0.0,cloudy
2019-06-27 06:00:00,19.5,19.5,5.4,9.9,280,88,1006.3,86,0.0,cloudy
2019-06-27 07:00:00,21.2,21.2,5.9,10.6,303,88,1006.3,80,0.0,cloudy
2019-06-27 08:00:00,20.4,20.4,5.0,9.5,307,88,1006.9,75,0.0,cloudy
2019-06-27 09:00:00,20.1,20.1,6.2,11.5,297,88,1007.4,78,1.4,heavy-rain
2019-06-27 10:00:00,16.7,16.7,6.3,11.5,316,88,1008.9,92,1.5,light-rain
2019-06-27 11:00:00,17.4,17.4,5.0,10.3,305,88,1009.1,89,0.4,rain
2019-06-27 12:00:00,18.1,18.1,4.9,9.3,309,88,1009.2,83,0.0,rain
2019-06-27 13:00:00,18.0,18.0,4.3,10.3,335,88,1009.3,82,0.2,light-rain
2019-06-27 14:00:00,18.5,18.5,4.4,8.2,343,75,1009.5,73,2.3,rain-at-times
2019-06-27 15:00:00,20.3,20.3,4.1,10.3,327,63,1009.1,58,0.0,cloudy-with-sunny-intervals
2019-06-27 16:00:00,19.8,19.8,6.3,12.9,325,38,1009.6,52,0.0,variable-cloudiness
2019-06-27 17:00:00,19.7,19.7,5.1,12.7,318,0,1009.7,48,0.0,clear
2019-06-27 18:00:00,18.4,18.4,4.7,10.9,326,0,1010.2,50,0.0,clear
2019-06-27 19:00:00,17.0,17.0,4.6,9.1,329,0,1011.2,55,0.0,clear
2019-06-27 20:00:00,15.9,15.9,4.4,9.1,320,38,1012.0,61,0.0,variable-cloudiness
2019-06-27 21:00:00,14.8,14.8,5.8,10.6,310,50,1012.6,68,0.0,variable-cloudiness
2019-06-27 22:00:00,13.6,13.6,4.8,8.7,315,0,1013.0,72,0.0,clear
2019-06-27 23:00:00,12.6,12.6,4.5,8.0,311,13,1013.1,75,0.0,partly-cloudy
2019-06-28 00:00:00,11.9,11.9,4.4,7.6,306,63,1013.1,77,0.0,cloudy-with-sunny-intervals
2019-06-28 01:00:00,11.3,11.3,4.2,8.4,311,88,1013.2,77,0.0,cloudy
2019-06-28 02:00:00,10.8,10.8,3.9,8.2,314,88,1013.3,77,0.0,cloudy
2019-06-28 03:00:00,10.6,10.6,5.2,9.0,315,88,1013.5,78,0.0,cloudy
2019-06-28 04:00:00,11.4,11.4,4.9,8.7,310,38,1013.5,76,0.0,variable-cloudiness
2019-06-28 05:00:00,12.7,12.7,5.0,9.5,311,75,1013.7,73,0.0,cloudy-with-sunny-intervals
2019-06-28 06:00:00,13.9,13.9,4.8,10.2,315,50,1013.8,70,0.0,variable-cloudiness
2019-06-28 07:00:00,15.3,15.3,5.4,9.3,329,50,1013.8,64,0.0,variable-cloudiness
2019-06-28 08:00:00,15.8,15.8,6.2,12.2,313,88,1014.2,58,0.0,cloudy
2019-06-28 09:00:00,17.1,17.1,5.2,10.1,338,50,1014.2,47,0.0,variable-cloudiness
2019-06-28 10:00:00,18.2,18.2,5.3,11.2,333,50,1014.0,47,0.0,variable-cloudiness
2019-06-28 11:00:00,18.7,18.7,6.0,11.7,326,63,1014.0,42,0.0,cloudy-with-sunny-intervals
2019-06-28 12:00:00,19.8,19.8,6.3,13.4,316,38,1014.1,37,0.0,variable-cloudiness
2019-06-28 13:00:00,20.4,20.4,5.1,10.3,335,25,1013.9,32,0.0,partly-cloudy
2019-06-28 14:00:00,20.5,20.5,5.9,11.7,324,0,1014.0,29,0.0,clear
2019-06-28 15:00:00,20.6,20.6,6.0,14.4,322,0,1014.2,27,0.0,clear
2019-06-28 16:00:00,19.8,19.8,3.6,8.4,331,50,1014.3,33,0.0,variable-cloudiness
2019-06-28 17:00:00,19.3,19.3,2.8,7.5,330,63,1014.3,36,0.0,cloudy-with-sunny-intervals
2019-06-28 18:00:00,18.3,18.3,3.5,7.1,347,13,1014.7,39,0.0,partly-cloudy
2019-06-28 19:00:00,16.7,16.7,1.8,4.0,337,25,1015.4,45,0.0,partly-cloudy
2019-06-28 20:00:00,15.1,15.1,1.2,3.1,327,13,1015.9,51,0.0,partly-cloudy
2019-06-28 21:00:00,14.1,14.1,1.9,3.6,326,0,1016.3,54,0.0,clear
2019-06-28 22:00:00,12.7,12.7,2.4,3.9,316,0,1016.5,61,0.0,clear
2019-06-28 23:00:00,11.7,11.7,2.1,3.2,311,0,1016.6,65,0.0,clear
2019-06-29 00:00:00,11.3,11.3,2.5,4.4,316,0,1016.7,68,0.0,clear
2019-06-29 01:00:00,10.4,10.4,3.4,5.6,312,0,1016.9,74,0.0,clear
2019-06-29 02:00:00,9.9,9.9,2.9,5.2,308,25,1017.0,80,0.0,partly-cloudy
2019-06-29 03:00:00,10.4,10.4,2.7,5.0,301,63,1016.8,79,0.0,cloudy-with-sunny-intervals
2019-06-29 04:00:00,10.4,10.4,2.7,5.1,315,88,1016.8,80,0.0,cloudy
2019-06-29 05:00:00,11.4,11.4,3.1,6.5,312,88,1016.9,75,0.0,cloudy
2019-06-29 06:00:00,12.8,12.8,3.1,6.8,324,100,1016.6,70,0.0,cloudy
2019-06-29 07:00:00,14.0,14.0,4.4,8.5,322,88,1016.6,64,0.0,cloudy
2019-06-29 08:00:00,15.6,15.6,4.5,7.2,324,50,1016.1,55,0.0,variable-cloudiness
2019-06-29 09:00:00,17.2,17.2,5.8,11.4,314,50,1015.9,49,0.0,variable-cloudiness
2019-06-29 10:00:00,18.2,18.2,5.0,11.5,330,38,1015.9,44,0.0,variable-cloudiness
2019-06-29 11:00:00,18.7,18.7,5.6,11.1,307,88,1015.8,46,0.0,cloudy
2019-06-29 12:00:00,19.1,19.1,5.4,10.7,316,88,1015.4,46,0.0,cloudy
2019-06-29 13:00:00,19.1,19.1,4.5,7.9,305,88,1015.3,48,0.0,cloudy
2019-06-29 14:00:00,18.6,18.6,4.1,6.9,294,88,1015.2,49,0.0,cloudy
2019-06-29 15:00:00,18.6,18.6,3.6,6.6,296,100,1014.9,50,0.0,cloudy
2019-06-29 16:00:00,19.2,19.2,2.8,4.8,292,88,1014.6,47,0.0,cloudy
2019-06-29 17:00:00,19.1,19.1,1.2,3.7,242,88,1014.1,47,0.0,cloudy
2019-06-29 18:00:00,18.2,18.2,0.8,2.3,222,88,1013.7,52,0.0,cloudy
2019-06-29 19:00:00,17.6,17.6,1.9,3.3,203,88,1013.0,55,0.0,cloudy
2019-06-29 20:00:00,17.7,17.7,1.4,2.8,226,88,1013.0,57,0.0,cloudy
2019-06-29 21:00:00,18.1,18.1,3.6,6.8,267,100,1012.8,63,0.0,cloudy
2019-06-29 22:00:00,17.3,17.3,3.2,5.4,275,38,1012.4,56,0.0,variable-cloudiness
2019-06-29 23:00:00,15.8,15.8,1.7,4.2,285,0,1012.8,70,0.0,clear
2019-06-30 00:00:00,15.4,15.4,2.4,4.1,309,63,1013.0,81,0.0,cloudy-with-sunny-intervals
2019-06-30 01:00:00,15.4,15.4,3.0,5.1,294,88,1012.5,88,0.0,cloudy
2019-06-30 02:00:00,14.4,14.4,1.3,2.5,205,75,1012.6,91,0.0,cloudy-with-sunny-intervals
2019-06-30 03:00:00,15.1,15.1,0.2,1.7,275,88,1012.8,93,0.0,cloudy
2019-06-30 04:00:00,16.0,16.0,1.6,3.6,274,88,1013.1,90,0.0,cloudy
2019-06-30 05:00:00,17.6,17.6,2.4,4.2,229,75,1012.7,83,0.0,cloudy-with-sunny-intervals
2019-06-30 06:00:00,18.5,18.5,3.6,5.6,208,50,1012.4,79,0.0,variable-cloudiness
2019-06-30 07:00:00,20.7,20.7,2.7,4.8,214,0,1012.1,70,0.0,clear
2019-06-30 08:00:00,23.9,23.8,2.6,5.7,242,0,1011.5,57,0.0,clear
2019-06-30 09:00:00,25.5,25.4,4.9,10.5,241,0,1011.4,49,0.0,clear
2019-06-30 10:00:00,26.5,26.5,4.4,7.9,291,0,1011.4,49,0.0,clear
2019-06-30 11:00:00,27.2,27.2,5.3,10.4,287,0,1011.1,44,0.0,clear
2019-06-30 12:00:00,28.5,28.0,4.5,7.5,292,0,1010.6,39,0.0,clear
2019-06-30 13:00:00,28.9,28.3,5.4,10.4,288,0,1010.2,38,0.0,clear
2019-06-30 14:00:00,29.3,28.7,4.6,7.6,281,0,1010.0,38,0.0,clear
2019-06-30 15:00:00,29.2,28.3,5.5,9.9,280,13,1009.8,34,0.0,partly-cloudy
2019-06-30 16:00:00,29.0,28.2,5.1,9.2,277,0,1009.5,35,0.0,clear
2019-06-30 17:00:00,28.2,28.1,4.4,9.0,282,13,1009.6,43,0.0,partly-cloudy
2019-06-30 18:00:00,27.2,27.4,2.8,4.5,273,0,1009.5,46,0.0,clear
2019-06-30 19:00:00,24.9,24.6,2.5,5.2,257,0,1009.6,44,0.0,clear
2019-06-30 20:00:00,23.2,22.8,1.3,2.9,232,0,1009.7,48,0.0,clear
2019-06-30 21:00:00,20.5,20.5,1.8,2.7,202,0,1009.4,56,0.0,clear
2019-06-30 22:00:00,18.5,18.5,2.1,2.8,148,0,1008.9,64,0.0,clear
2019-06-30 23:00:00,18.2,18.2,2.5,3.0,169,0,1008.4,64,0.0,clear
